SUB_ID,SITE_ID,DX_GROUP,SEX
50000,SYNTH_0,1,2
50001,SYNTH_1,1,1
50002,SYNTH_2,1,1
50003,SYNTH_3,1,2
50004,SYNTH_0,2,1
50005,SYNTH_1,2,1
50006,SYNTH_2,2,2
50007,SYNTH_3,2,1
50008,SYNTH_0,1,1
50009,SYNTH_1,1,2
50010,SYNTH_2,1,1
50011,SYNTH_3,1,1
50012,SYNTH_0,2,2
50013,SYNTH_1,2,1
50014,SYNTH_2,2,1
50015,SYNTH_3,2,2
50016,SYNTH_0,1,1
50017,SYNTH_1,1,1
50018,SYNTH_2,1,2
50019,SYNTH_3,1,1
50020,SYNTH_0,2,1
50021,SYNTH_1,2,2
50022,SYNTH_2,2,1
50023,SYNTH_3,2,1
50024,SYNTH_0,1,2
50025,SYNTH_1,1,1
50026,SYNTH_2,1,1
50027,SYNTH_3,1,2
50028,SYNTH_0,2,1
50029,SYNTH_1,2,1
50030,SYNTH_2,2,2
50031,SYNTH_3,2,1
50032,SYNTH_0,1,1
50033,SYNTH_1,1,2
50034,SYNTH_2,1,1
50035,SYNTH_3,1,1
50036,SYNTH_0,2,2
50037,SYNTH_1,2,1
50038,SYNTH_2,2,1
50039,SYNTH_3,2,2
50040,SYNTH_0,1,1
50041,SYNTH_1,1,1
50042,SYNTH_2,1,2
50043,SYNTH_3,1,1
50044,SYNTH_0,2,1
50045,SYNTH_1,2,2
50046,SYNTH_2,2,1
50047,SYNTH_3,2,1
50048,SYNTH_0,1,2
50049,SYNTH_1,1,1
50050,SYNTH_2,1,1
50051,SYNTH_3,1,2
50052,SYNTH_0,2,1
50053,SYNTH_1,2,1
50054,SYNTH_2,2,2
50055,SYNTH_3,2,1
50056,SYNTH_0,1,1
50057,SYNTH_1,1,2
50058,SYNTH_2,1,1
50059,SYNTH_3,1,1
